{"cameraMode":{"drawMode":0,"name":"Shaded","section":"Shading Mode"},"sceneLighting":true,"audioPlay":false,"sceneViewState":{"m_AlwaysRefresh":false,"showFog":true,"showSkybox":true,"showFlares":true,"showImageEffects":true,"showParticleSystems":true,"showVisualEffectGraphs":true,"m_FxEnabled":true},"in2DMode":false,"pivot":{"x":-2.2920243740081789,"y":0.15741638839244843,"z":2.9366538524627687},"rotation":{"x":0.5793758034706116,"y":-0.21968208253383637,"z":0.16603206098079682,"w":0.7672549486160278},"size":6.309270858764648,"orthographic":false}