{"cameraMode":{"drawMode":0,"name":"Shaded","section":"Shading Mode"},"sceneLighting":false,"audioPlay":false,"sceneViewState":{"m_AlwaysRefresh":false,"showFog":true,"showSkybox":false,"showFlares":true,"showImageEffects":true,"showParticleSystems":true,"showVisualEffectGraphs":true,"m_FxEnabled":true},"in2DMode":false,"pivot":{"x":0.007922480814158917,"y":0.4920332729816437,"z":-1.5507464408874512},"rotation":{"x":0.23414777219295503,"y":0.20390376448631288,"z":-0.050241291522979739,"w":0.9493403434753418},"size":0.8660253882408142,"orthographic":false}